Name,Price,Specifications,Ratings
Domini Finish 26 Inch Carrom Board with Plastic Coins S...,₹620,Brown,4
RAK RANJAY SMALL carrom board with coins and powder and...,₹390,Multicolor,3.5
SATYA ENTERPRISES Transparent Carrom Coin Carrom Pawns,₹164,Pack of 25,3.6
gamers hub Premium 32inch Round Pocket Carrom Board wit...,"₹1,070",Black,3.6
W WRITZO Premium Quality Smooth & Shiny Glossy Medium 2...,₹560,Multicolor,3.8
Satya Sports Carrom Board 26inchs with Coins & Striker ...,₹689,Multicolor,3.8
"HOOMA 20 INCH Wooden Round Pocket Carrom with Coins, St...",₹485,Multicolor,3.7
Hotspot 20 Inch Carrom Board with & Striker and Powder ...,₹449,"Beige, Black, Multicolor",3.9
Shanti Enterprises SE CARROM GLOSS FINISH SMALL 20 INCH...,₹449,Multicolor,3.8
"HOOMA 26 INCH Wooden Round Pocket Carrom with Coins, St...",₹699,Multicolor,3.6
"Writzo Gloss Finish Carrom Board with Coins, Striker & ...",₹449,Multicolor,3.7
Domini Carrom Coins of High Class Transparent (Pack of ...,₹222,Pack of 24,3.6
Whitedot Sports Dot 13.0 (32 X 32) Glossy 32 inch Carro...,"₹1,214","Beige, Brown",3.7
Aakar Enterprises Wooden Carrom Coins with 1 Striker Ca...,₹166,Pack of 25,4
HOOMA Combo of Medium Size Carrom Board ( 26' Inches ) ...,₹659,Multicolor,3.9
pinaki Gloss Finish Medium size Carrom Board with Coins...,₹585,Brown,3.4
Swami Plastic Made Carrom Coins (24 Pieces) with 1 Disc...,₹229,Pack of 24,4
VJOY Carrom Powder,₹149,Pack of 24,4
Wintex Carrom Powder,₹110,Pack of 24,4
Whitedot Sports Dot 11.0 (32 X 32) Glossy 32 inch Carro...,"₹1,059","Beige, Brown",3.5
Judicious Carrom Board 26 inch 66.04 cm Carrom Board,₹599,Multicolor,3.4
BRIJBAZAAR carrom board 66.04 cm Carrom Board,₹619,Multicolor,3.2
JD Sports DULL TOURNAMENT QUALITY 66.04 cm Carrom Board,"₹1,099",Black,4
Ms Sports Medium Size Wooden Carrom Board 26 inches wit...,₹589,Multicolor,3.7
exton Carrom Board 1.5*1.5 50.8 cm Carrom Board,₹415,"Brown, Black",3.5
Ishani sports CARROM 20 INCH WOOD +CRYSTAL COINS WITH S...,₹549,Multicolor,3.7
KRISHNA carrom board 20 inch High gloss finish with fre...,₹438,"Black, Brown",3.7
Toyzone Ben 10 Carrom Board Plus Ludo ( 2 in 1 ) 2 cm C...,₹399,Green,4.1
VINNEY ACRYLIC 5mm Caram coin Carrom Pawns,₹211,Pack of 20,4.1
Satya Sports Carrom Board 20inchs with Coins & Striker ...,₹449,Multicolor,3.6
Ishu Sports CARROM 2 PAIR OF COINS( 1 OF WOOD AND 1 OF ...,₹799,Multicolor,3.5
SYNCO Folding Carrom Stand,₹770,"Steel, Red",4.3
PLAY Rabbits 26 Inch Carrom Medium Size With Wooden Coi...,₹643,Brown,3.3
SMT 32 Inch Wood Round Pocket Carrom Board 81.28 cm Car...,"₹1,497",Brown,3.7
"Satya Wooden Carrom Board with Coins, Striker and Carro...",₹549,Brown,3.7
Domini Finish 32 Inch Full Size Carrom Board with Coins...,"₹1,130",Brown,3.4
VINNEY CARROM COINS + 1 STRIKER Carrom Pawns,₹105,Pack of 20,3.5
Writzo Plastic Carrom Striker,₹169,Multicolor,3.5
Kimi Full Size 32 Inch Wooden Carrom Board With Acrylic...,"₹1,150",Brown,3.7
W WRITZO Premium Quality Smooth & Shiny Glossy Small Ca...,₹448,Multicolor,4.1
