Name,Price,Specifications,Rating
KWINE CASE Back Cover for Oppo F15,₹259,"Red, Hard Case",4.1
KWINE CASE Back Cover for vivo Y50,₹245,"Black, Rugged Armor",4.4
"realme C20 (Cool Grey, 32 GB)","₹6,799",2 GB RAM,4.4
"REDMI 9i (Sea Blue, 64 GB)","₹7,999",4 GB RAM,4.3
"realme C12 (Power Silver, 32 GB)","₹7,999",3 GB RAM,4.4
"realme C12 (Power Blue, 32 GB)","₹7,999",3 GB RAM,4.4
"realme C12 (Power Blue, 64 GB)","₹10,999",4 GB RAM,4.4
"Mi 3i 20000 mAh Power Bank (Fast Charging, 18W)","₹1,499","Black, Lithium Polymer",4.3
"POCO M3 (Cool Blue, 128 GB)","₹11,999",6 GB RAM,4.3
"POCO M2 (Pitch Black, 64 GB)","₹9,999",6 GB RAM,4.3
"REDMI 9i (Nature Green, 64 GB)","₹7,999",4 GB RAM,4.3
"POCO M2 (Brick Red, 64 GB)","₹9,999",6 GB RAM,4.3
"REDMI 9i (Midnight Black, 64 GB)","₹7,999",4 GB RAM,4.3
KWINE CASE Back Cover for Samsung Galaxy M11,₹149,"Blue, Rugged Armor",4.3
"POCO M3 (Cool Blue, 64 GB)","₹10,999",6 GB RAM,4.3
"POCO M3 (Power Black, 128 GB)","₹11,999",6 GB RAM,4.3
"POCO M3 (Power Black, 64 GB)","₹10,999",6 GB RAM,4.3
"POCO M2 (Slate Blue, 64 GB)","₹9,999",6 GB RAM,4.3
"Redmi 9 Prime (Space Blue, 64 GB)","₹9,499",4 GB RAM,4.4
"KWINE CASE Back Cover for Realme 7, Realme Narzo 20 pro",₹259,"Black, Rugged Armor",4.2
"realme 7i (Fusion Green, 64 GB)","₹11,999",4 GB RAM,4.3
"realme Narzo 30A (Laser Blue, 32 GB)","₹8,999",3 GB RAM,4.4
"realme Narzo 30A (Laser Black, 32 GB)","₹8,999",3 GB RAM,4.4
KWINE CASE Back Cover for Oppo F17,₹259,"Black, Rugged Armor",4.3
"POCO C3 (Lime Green, 32 GB)","₹7,499",3 GB RAM,4.3
"realme 7 (Mist Blue, 64 GB)","₹13,999",6 GB RAM,4.3
"realme 7 (Mist Blue, 128 GB)","₹15,999",8 GB RAM,4.3
"realme 7 (Mist White, 64 GB)","₹13,999",6 GB RAM,4.3
"realme C11 (Rich Green, 32 GB)","₹7,499",2 GB RAM,4.4
KWINE CASE Back Cover for Mi Redmi 9 Power,₹399,"Red, Hard Case",4.2
"realme C11 (Rich Grey, 32 GB)","₹7,499",2 GB RAM,4.4
"realme Narzo 30A (Laser Black, 64 GB)","₹9,999",4 GB RAM,4.4
"realme Narzo 30A (Laser Blue, 64 GB)","₹9,999",4 GB RAM,4.4
KWINE CASE Back Cover for Mi Redmi Note 5 Pro,₹259,"Black, Rugged Armor",4.5
Flipkart SmartBuy Edge To Edge Tempered Glass for Mi Re...,₹199,Pack of 1,4.1
"GIONEE Max (Royal Blue, 32 GB)","₹5,499",2 GB RAM,4.1
"GIONEE Max (Red, 32 GB)","₹5,499",2 GB RAM,4.1
"SAMSUNG Galaxy F12 (Sky Blue, 64 GB)","₹10,999",4 GB RAM,4.4
"Infinix Smart 5 (Morandi Green, 32 GB)","₹7,199",2 GB RAM,4.4
"KWINE CASE Back Cover for vivo Y50, Vivo Y30",₹259,"Black, Hard Case",4.3
